{"stat.walkOneCm":81638,"warg.kill":1,"achievement.openInventory":30,"stat.craftItem.5":2,"stat.damageTaken":492,"stat.mineBlock.4":3,"stat.mineBlock.5":5,"stat.mineBlock.3":22,"stat.mineBlock.1":13,"stat.mobKills":10,"stat.mineBlock.13":5,"stat.flyOneCm":11599,"stat.mineBlock.18":1,"stat.drop":4,"stat.jump":167,"stat.swimOneCm":1805,"stat.useItem.324":1,"stat.playOneMinute":22042,"stat.fallOneCm":4812,"stat.useItem.4":37,"phantom.kill":1,"stat.useItem.5":6,"stat.useItem.3":12,"stat.damageDealt":30,"achievement.mineWood":1,"stat.mineBlock.102":2,"achievement.exploreAllBiomes":{"value":0,"progress":["Birch Forest","River","Plains","Desert"]},"stat.useItem.13":1,"stat.mineBlock.31":2,"stat.mineBlock.97":3}